{
    "SimpleGauss": {
    "Channel": [
        343,
        359,
        366,
        353
    ],
    "PV": [
        Infinity,
        Infinity,
        Infinity,
        Infinity
    ],
    "PV_unc": [
        Infinity,
        Infinity,
        Infinity,
        Infinity
    ],
    "c1Height": [
        999.9999990015322,
        999.7502243693644,
        995.9452759094219,
        999.3191597224786
    ],
    "c1Mu": [
        0.00026673402788825065,
        0.00028119178666672327,
        0.0006313417478516501,
        0.00037971494800741396
    ],
    "c1Sigma": [
        0.0003767542328583831,
        9.148160682393753e-05,
        0.0006574775686240796,
        0.0002712945115214534
    ]
}
}
