{
    "FERMIFIT": {
        "LEDPINs": [],
        "RunNumber": [],
        "c1Mu": [],
        "V": [],
        "Date": [],
        "c1Mu_unc": [],
        "c1Mu_StdErr": [],
        "Channel": [],
        "LEDsOn": []
    },
    "EXP2SPE": {
        "Channel": [
            358,
            425,
            456
        ],
        "PV": [
            Infinity,
            64.0686274509804,
            0.7043422733077905
        ],
        "PV_unc": [
            Infinity,
            2.3712779390406458,
            0.06932007690598116
        ],
        "c1Height": [
            1899.6357682123182,
            1285.8534749151393,
            259.89216038908955
        ],
        "c1Mu": [
            0.0009232027547613745,
            0.0014552280808036685,
            0.0015353576071777024
        ],
        "c1Sigma": [
            0.0004404564227635396,
            0.0005674104603301482,
            0.0007279994897845794
        ],
        "c2HScale": [
            0.4999999999999985,
            0.49999999999999994,
            0.49999999999999994
        ],
        "c2MScale": [
            0.5736286360994652,
            0.35746525857806283,
            0.31754440400862666
        ],
        "c2SScale": [
            0.999999999990401,
            0.5000000000003146,
            0.5000000000033278
        ],
        "SCScale": [
            0.022566698656131697,
            0.011937579677332394,
            0.0011191968274192135
        ],
        "c1Height_unc": [
            542.9252258572312,
            8.996192841528993,
            5.665487781740303
        ],
        "c1Mu_unc": [
            0.00014043218814422753,
            9.832531151927996e-06,
            3.7243528739536674e-05
        ],
        "c1Sigma_unc": [
            5.353777503935916e-05,
            5.515863666785398e-06,
            1.8691373595466068e-05
        ],
        "c2HScale_unc": [
            0.2150231853323433,
            0.050521527312694485,
            0.08240924521296335
        ],
        "c2MScale_unc": [
            0.23212697777748897,
            0.031879540329728666,
            0.06278176900440544
        ],
        "c2SScale_unc": [
            0.6695979630113501,
            0.054189886665609616,
            0.1194896620253725
        ],
        "SCScale_unc": [
            0.004574150500758763,
            0.00041012024285914727,
            0.0008089549215299042
        ],
        "CExp": [
            65.35807572506178,
            112.23134281033155,
            67.26014968950058
        ],
        "f_mu": [
            9.80252632139905e-05,
            9.880484867731026e-05,
            5.767755570272394e-05
        ],
        "tau": [
            0.000546066012185585,
            0.0005166097148833615,
            0.00041311341619652587
        ],
        "CExp_unc": [
            0.0002295340516219327,
            4.221591841351835e-08,
            1.0807000592867237e-08
        ],
        "f_mu_unc": [
            3.7168974102486594e-05,
            1.3391588510833413e-05,
            4.41577853339271e-06
        ],
        "tau_unc": [
            0.00013983752118517496,
            4.2013749977472485e-05,
            1.260131500693805e-05
        ]
    }
}