{
    "FERMIFIT": {
        "LEDPINs": [],
        "RunNumber": [],
        "c1Mu": [],
        "V": [],
        "Date": [],
        "c1Mu_unc": [],
        "c1Mu_StdErr": [],
        "Channel": [],
        "LEDsOn": []
    },
    "EXP2SPE": {
        "Channel": [
            361
        ],
        "PV": [
            Infinity
        ],
        "PV_unc": [
            Infinity
        ],
        "c1Height": [
            2297.7725030037277
        ],
        "c1Mu": [
            0.00074781532298524
        ],
        "c1Sigma": [
            0.0004211628620858897
        ],
        "c2HScale": [
            0.49999999999999994
        ],
        "c2MScale": [
            0.19403248142626278
        ],
        "c2SScale": [
            0.5000000000219486
        ],
        "SCScale": [
            0.023952453950834195
        ],
        "c1Height_unc": [
            29.707013136305996
        ],
        "c1Mu_unc": [
            1.1616506345750337e-05
        ],
        "c1Sigma_unc": [
            5.259120566746213e-06
        ],
        "c2HScale_unc": [
            0.1819865650050434
        ],
        "c2MScale_unc": [
            0.15463873271431083
        ],
        "c2SScale_unc": [
            0.12190646355542961
        ],
        "SCScale_unc": [
            0.0008646406724874765
        ],
        "CExp": [
            103.46763560312073
        ],
        "f_mu": [
            2.527981428204558e-05
        ],
        "tau": [
            0.00030876198608187404
        ],
        "CExp_unc": [
            1.1734919998672899e-07
        ],
        "f_mu_unc": [
            2.057207024890469e-06
        ],
        "tau_unc": [
            7.98024804514543e-06
        ]
    }
}