{
    "FERMIFIT": {
        "LEDPINs": [],
        "RunNumber": [],
        "c1Mu": [],
        "V": [],
        "Date": [],
        "c1Mu_unc": [],
        "c1Mu_StdErr": [],
        "Channel": [],
        "LEDsOn": []
    },
    "EXP2SPE": {
        "Channel": [
            339,
            403
        ],
        "PV": [
            19.99410029498525,
            15044.0
        ],
        "PV_unc": [
            0.19932048359739113,
            37610.24615082546
        ],
        "c1Height": [
            2495.272614291147,
            2713.2187501131903
        ],
        "c1Mu": [
            0.0010376614260804273,
            0.0011300886896308637
        ],
        "c1Sigma": [
            0.0003784743528027888,
            0.00037751928048667234
        ],
        "c2HScale": [
            0.4999999894318859,
            0.32279565068635246
        ],
        "c2MScale": [
            0.3244611331036577,
            0.40808958369022347
        ],
        "c2SScale": [
            0.9999991090985613,
            0.999999995817109
        ],
        "SCScale": [
            0.013679145681590173,
            0.01567874681680387
        ],
        "c1Height_unc": [
            241.0906917197742,
            111.9713673884456
        ],
        "c1Mu_unc": [
            4.3992903435993064e-05,
            1.4380725321527352e-05
        ],
        "c1Sigma_unc": [
            1.4916392591545579e-05,
            3.910494115315008e-06
        ],
        "c2HScale_unc": [
            0.37791247722849064,
            0.03969803243253671
        ],
        "c2MScale_unc": [
            0.5268323088805386,
            0.043797938429051136
        ],
        "c2SScale_unc": [
            0.5026584187463946,
            0.1603213530790716
        ],
        "SCScale_unc": [
            0.001990788323810201,
            0.000593170901181028
        ],
        "CExp": [
            174.72362373467058,
            66.35280415414043
        ],
        "f_mu": [
            7.488086183451463e-05,
            5.039081100459812e-05
        ],
        "tau": [
            0.0006650206089970489,
            0.00042034390626522524
        ],
        "CExp_unc": [
            1.8575030874014328e-05,
            3.805245011996138e-05
        ],
        "f_mu_unc": [
            9.807502184990848e-06,
            4.594855903361033e-06
        ],
        "tau_unc": [
            4.3924598779243746e-05,
            1.626490877453725e-05
        ]
    }
}