{
    "FERMIFIT": {
        "LEDPINs": [],
        "RunNumber": [],
        "c1Mu": [],
        "V": [],
        "Date": [],
        "c1Mu_unc": [],
        "c1Mu_StdErr": [],
        "Channel": [],
        "LEDsOn": []
    },
    "EXP2SPE": {
        "Channel": [
            332,
            334,
            335,
            336,
            338,
            339,
            340,
            341,
            344,
            347,
            348,
            350,
            351
        ],
        "PV": [
            4786.0,
            0.3830917270682329,
            397.47826086956525,
            1702.4,
            0.096767554004783,
            19.99410029498525,
            Infinity,
            2203.8,
            0.012190859328628898,
            6483.5,
            1883.0,
            4898.999999999999,
            4225.0
        ],
        "PV_unc": [
            9769.528500635071,
            0.010931465649253753,
            58.028414285217764,
            1099.2204240324431,
            0.001722342707668727,
            0.19932048359739113,
            Infinity,
            3484.6934299037825,
            0.00028434312046447346,
            8104.818255623494,
            2516.6284437553595,
            6123.8669184506425,
            8624.361432902451
        ],
        "c1Height": [
            1828.7300917349753,
            1208.1059703167757,
            1756.6018427492402,
            1605.6610854724445,
            1920.6252107342536,
            1765.897261407966,
            1290.2090880736403,
            2096.0716298663388,
            1737.728880695602,
            2493.9571211305342,
            1447.8448066852231,
            1287.8913842119769,
            1672.3593149574745
        ],
        "c1Mu": [
            0.0013451152345534732,
            0.0015110366037068778,
            0.0013747666483733218,
            0.0012223933267474021,
            0.00139595182366558,
            0.0010515601894720047,
            0.0012017611948020649,
            0.0015427637621204578,
            0.0016455162655499092,
            0.001571572319706968,
            0.001561316964312317,
            0.0013591774079282123,
            0.0014545191936398178
        ],
        "c1Sigma": [
            0.0005130902879703007,
            0.0005471020549795924,
            0.0005971477487035804,
            0.0004710099127046267,
            0.0005474344780299829,
            0.000401004615957467,
            0.0005302008712099095,
            0.0005053422096233734,
            0.0007582579183922441,
            0.0005254625036232148,
            0.0005963811086204874,
            0.000495590191493254,
            0.00046681066644391043
        ],
        "c2HScale": [
            0.4999999999832075,
            0.4999999999997159,
            0.49999999999999994,
            0.4999999999950707,
            0.49999999999999994,
            0.4999999999999996,
            0.49954026747763663,
            0.4999036755542992,
            0.4982353035087354,
            0.49999999999999994,
            0.49999999999999994,
            0.49999999999999994,
            0.49999999999999994
        ],
        "c2MScale": [
            0.16083029717826192,
            0.6091122598244236,
            0.1902982666211372,
            0.35754294319986507,
            0.46924682846231236,
            0.9999999999999999,
            0.9299829813537804,
            0.17250535743917314,
            0.34056954376254805,
            0.28999569754032234,
            0.22180989413111152,
            0.999999999869048,
            0.34030616597369134
        ],
        "c2SScale": [
            0.7744633312361197,
            0.5000000000020357,
            0.6503177960989319,
            0.6571289601150573,
            0.5098670230533063,
            0.740830627273666,
            0.999967688499014,
            0.9999999999999998,
            0.9998757006195169,
            0.8473571778773537,
            0.9124494882337889,
            0.7525250255132596,
            0.7511990827232501
        ],
        "SCScale": [
            0.010550849999920153,
            0.0087290657449784,
            0.018214980169458907,
            0.01005239360786084,
            0.01507935597365745,
            0.011782591333771339,
            0.010768401308064416,
            0.012844137498247895,
            0.046030032951587134,
            0.01972281046910751,
            0.01221231868102957,
            0.008957162349059987,
            0.009320267691661653
        ],
        "c1Height_unc": [
            22.910216826405808,
            23.052605200923935,
            26.115608678807607,
            29.33298194371135,
            19.638281827731724,
            387.5545046526364,
            38891.28185125804,
            33.63770524383245,
            126.54537304833619,
            36.18837606336324,
            50.43390881796744,
            323.32058274913976,
            17.154794006280714
        ],
        "c1Mu_unc": [
            1.3507219608889213e-05,
            2.029211971611508e-05,
            1.7681626732745283e-05,
            1.4837818660767203e-05,
            1.2893118319470793e-05,
            4.464248268962427e-05,
            0.0026571380415009154,
            1.32749791338455e-05,
            0.00010743894497989908,
            1.2624209570841524e-05,
            2.90671053398646e-05,
            4.030276439023682e-05,
            1.0843995583387704e-05
        ],
        "c1Sigma_unc": [
            5.884791177926954e-06,
            8.133942411956332e-06,
            7.651896748596717e-06,
            5.887226333473563e-06,
            6.098499402716214e-06,
            2.3955517655605996e-05,
            0.00022041234262148347,
            4.999259153242259e-06,
            4.6891177071844026e-05,
            4.96692466836446e-06,
            9.229645812009497e-06,
            2.58721020970232e-05,
            5.161672187120012e-06
        ],
        "c2HScale_unc": [
            0.07118489587297484,
            0.056704283645468236,
            0.16262037553982805,
            0.12763569818283513,
            0.04661773450730382,
            0.33153917557001006,
            44.01034731470653,
            0.035877431026659766,
            0.10568539114072953,
            0.049550182327115534,
            0.06131989023067072,
            0.3768974338059033,
            0.017545967796212838
        ],
        "c2MScale_unc": [
            0.08088548911972616,
            0.014615757572294757,
            0.14402360749222248,
            0.09050556938854626,
            0.02241013710573173,
            0.08208664542433819,
            10.59644587858158,
            0.05072032507026273,
            0.36911551798890574,
            0.04953054756287223,
            0.05747009247475706,
            0.0636846158810108,
            0.012873388375408384
        ],
        "c2SScale_unc": [
            0.14729696706324016,
            0.04129067404610275,
            0.16268328553521721,
            0.13082054380053365,
            0.04510391702757272,
            0.04835570962453618,
            1.1499157626774477,
            0.14906138936631727,
            0.43034695336506756,
            0.10493852600717422,
            0.1830015856295533,
            0.05135024030079166,
            0.06245051787447476
        ],
        "SCScale_unc": [
            0.00037421608228000233,
            0.0003257815540735985,
            0.0006207708670732914,
            0.00034566933801294543,
            0.0004115577489796272,
            0.0013230142508306958,
            0.18772499641708004,
            0.00033170529838334804,
            0.00714857740412055,
            0.00041688659272546354,
            0.0005058389755902181,
            0.0009812836013105154,
            0.00031274833801427093
        ],