{
    "FERMIFIT": {
        "LEDPINs": [],
        "RunNumber": [],
        "c1Mu": [],
        "V": [],
        "Date": [],
        "c1Mu_unc": [],
        "c1Mu_StdErr": [],
        "Channel": [],
        "LEDsOn": []
    },
    "EXP2SPE": {
        "Channel": [
            356
        ],
        "PV": [
            Infinity
        ],
        "PV_unc": [
            Infinity
        ],
        "c1Height": [
            707.0171756655283
        ],
        "c1Mu": [
            0.00047757818062500154
        ],
        "c1Sigma": [
            0.0003121841271974245
        ],
        "c2HScale": [
            0.49999999999999994
        ],
        "c2MScale": [
            0.6792288455092803
        ],
        "c2SScale": [
            0.5000000000000001
        ],
        "SCScale": [
            0.29999999999999993
        ],
        "c1Height_unc": [
            284.0174673412489
        ],
        "c1Mu_unc": [
            3.3084982925655165e-05
        ],
        "c1Sigma_unc": [
            1.5768290317425355e-05
        ],
        "c2HScale_unc": [
            0.5098157116795919
        ],
        "c2MScale_unc": [
            0.27372437876125294
        ],
        "c2SScale_unc": [
            0.2551203089096812
        ],
        "SCScale_unc": [
            0.14324278656181894
        ],
        "CExp": [
            84.67722204731041
        ],
        "f_mu": [
            4.113136242128318e-05
        ],
        "tau": [
            0.00037035193604822736
        ],
        "CExp_unc": [
            6.333073660474784e-05
        ],
        "f_mu_unc": [
            1.014089156614418e-05
        ],
        "tau_unc": [
            3.690182999502359e-05
        ]
    }
}