{
    "FERMIFIT": {
        "LEDPINs": [],
        "RunNumber": [],
        "c1Mu": [],
        "V": [],
        "Date": [],
        "c1Mu_unc": [],
        "c1Mu_StdErr": [],
        "Channel": [],
        "LEDsOn": []
    },
    "EXP2SPE": {
        "Channel": [
            405
        ],
        "PV": [
            Infinity
        ],
        "PV_unc": [
            Infinity
        ],
        "c1Height": [
            2839.1596779464303
        ],
        "c1Mu": [
            0.0009060270420986258
        ],
        "c1Sigma": [
            0.0003287428187417152
        ],
        "c2HScale": [
            0.4032225691468185
        ],
        "c2MScale": [
            0.34165208919109696
        ],
        "c2SScale": [
            0.5785436123264995
        ],
        "SCScale": [
            0.01878428058173802
        ],
        "c1Height_unc": [
            23.681386599281552
        ],
        "c1Mu_unc": [
            5.895185441383395e-06
        ],
        "c1Sigma_unc": [
            3.075695302204799e-06
        ],
        "c2HScale_unc": [
            0.04755507349030397
        ],
        "c2MScale_unc": [
            0.047094510725712316
        ],
        "c2SScale_unc": [
            0.08276365043682092
        ],
        "SCScale_unc": [
            0.00045416555015548174
        ],
        "CExp": [
            181.46883797472134
        ],
        "f_mu": [
            3.633521230415413e-05
        ],
        "tau": [
            0.0003218845302754685
        ],
        "CExp_unc": [
            3.964902608658045e-07
        ],
        "f_mu_unc": [
            6.891510501297515e-06
        ],
        "tau_unc": [
            1.8388192589221163e-05
        ]
    }
}