{
    "FERMIFIT": {
        "LEDPINs": [],
        "RunNumber": [],
        "c1Mu": [],
        "V": [],
        "Date": [],
        "c1Mu_unc": [],
        "c1Mu_StdErr": [],
        "Channel": [],
        "LEDsOn": []
    },
    "EXP2SPE": {
        "Channel": [
            332,
            334,
            335,
            336,
            338,
            340,
            341,
            344,
            347,
            348,
            350,
            351
        ],
        "PV": [
            4786.0,
            0.12231177661484395,
            397.47826086956525,
            1702.4,
            0.096767554004783,
            Infinity,
            2203.8,
            0.012035876805381521,
            6483.5,
            1888.75,
            4849.5,
            4225.0
        ],
        "PV_unc": [
            9769.528500635071,
            0.001823362892406862,
            58.028414285217764,
            1099.2204240324431,
            0.001722342707668727,
            Infinity,
            3484.6934299037825,
            0.00015986853702907173,
            8104.818255623494,
            2524.1912625409236,
            6061.972141929985,
            8624.361432902451
        ],
        "c1Height": [
            1828.7300840708235,
            1272.45183307245,
            1756.6027205082935,
            1605.663296128117,
            1927.2059231921817,
            1845.1174582655217,
            2096.0718123529964,
            1430.9531060101679,
            2496.8527550547906,
            1076.3498199111575,
            1278.3781509898017,
            1672.3612814731323
        ],
        "c1Mu": [
            0.0013451152399313914,
            0.001420556787590048,
            0.0013747657866841239,
            0.001222391884075829,
            0.001387427953962853,
            0.0012480998600974487,
            0.0015427635856346865,
            0.0013340436629148203,
            0.0015697357335902027,
            0.001478267539312606,
            0.001290216460173187,
            0.0014545186948530515
        ],
        "c1Sigma": [
            0.0005130902858553624,
            0.0005870517580930417,
            0.0005971481010584664,
            0.00047101045161501866,
            0.0005516825692941236,
            0.00048506149637181015,
            0.0005053423076496424,
            0.0009782677816676066,
            0.0005262996562963473,
            0.0006923227476013095,
            0.0005120993370300464,
            0.0004668105360983732
        ],
        "c2HScale": [
            0.4999999999985263,
            0.49999999999999994,
            0.49999999999999994,
            0.49999999999999994,
            0.49999999999999994,
            0.3855277627310526,
            0.49990419179088597,
            0.49999999999999994,
            0.4999999999999583,
            0.4999988574703096,
            0.4999990239527532,
            0.49999999999999994
        ],
        "c2MScale": [
            0.16083029493111425,
            0.5081471781256873,
            0.19029872797311612,
            0.35754239012305594,
            0.4597672408728545,
            0.2861013352926727,
            0.1725044564578644,
            0.9999869471200811,
            0.28728988254224,
            0.7670054145730307,
            0.9999999411288784,
            0.34030902688711356
        ],
        "c2SScale": [
            0.7744633683452709,
            0.5579438528296644,
            0.650313518997512,
            0.6571233164604953,
            0.5084274877395986,
            0.7023430402639105,
            0.9999999999999997,
            0.7808004532940418,
            0.8438363126606485,
            0.9998402827350248,
            0.9558435406931878,
            0.751186638443163
        ],
        "SCScale": [
            0.010550849963938106,
            0.009133709836310228,
            0.018214992402819062,
            0.010052406755129714,
            0.015146980396342314,
            0.013036240422741355,
            0.012844139743776566,
            0.045081337423088126,
            0.01974924328160479,
            0.009278349689328568,
            0.009166864770055702,
            0.009320292743403577
        ],
        "c1Height_unc": [
            22.910220376537747,
            34.299483964796885,
            26.115255609456256,
            29.332211462139337,
            19.50837838719044,
            28.952207196307523,
            33.637598443340394,
            237.39187534765705,
            35.56695879695082,
            1256.141936650029,
            3381.2629766989785,
            17.153915598952285
        ],
        "c1Mu_unc": [
            1.3507221230758196e-05,
            2.7604779767459036e-05,
            1.7681436854437996e-05,
            1.4837560249922159e-05,
            1.2917756267356144e-05,
            1.4677324942257142e-05,
            1.3274957007448267e-05,
            0.0003388824823914828,
            1.2547664465890632e-05,
            0.00047571572722212294,
            0.00020868696933808872,
            1.0843634132998881e-05
        ],
        "c1Sigma_unc": [
            5.884791604368404e-06,
            1.0409885123475095e-05,
            7.651851254882747e-06,
            5.88717644459856e-06,
            6.142839877640108e-06,
            5.990597144887227e-06,
            4.999255349774938e-06,
            0.00014378044597747745,
            4.958847413714366e-06,
            0.0001270861509512015,
            8.928541802299839e-05,
            5.161586826530593e-06
        ],
        "c2HScale_unc": [
            0.07118489851867589,
            0.09978838847252122,
            0.1626207348542515,
            0.12763574194349622,
            0.04640529090485672,
            0.06227130895672682,
            0.035877514475044114,
            0.24908883164538465,
            0.04893632802284883,
            1.3072007753683337,
            3.9608223270537226,
            0.017545448553749933
        ],
        "c2MScale_unc": [
            0.0808854953805113,
            0.04699431038067917,
            0.14402301160908648,
            0.09050518679279428,
            0.02349896611333444,
            0.07583365122576985,
            0.050720452510415355,
            0.5683987478958048,
            0.04914931920513674,
            1.2653640073430157,
            0.4672548083548793,
            0.012873048002634618
        ],
        "c2SScale_unc": [
            0.14729698721204385,
            0.0847088541992365,
            0.16268179733359034,
            0.13081880907608082,
            0.04603808980478904,
            0.14448509500360326,
            0.1490613443558255,
            0.2115529461348761,
            0.10426816740993106,
            0.46113182764589805,
            0.39838351063837285,
            0.062447899708539395
        ],
        "SCScale_unc": [
            0.0003742160812590304,
            0.0004257844692808178,
            0.0006207704826099859,
            0.00034566925805975824,
            0.0004191789928488554,
            0.00041847819481336424,
            0.00033170522659059927,
            0.010068169928634199,
            0.00041626966178772844,
            0.005493890698859999,
            0.014670407456132292,
            0.0003127480375533201
        ],
        "CExp": [
            71.59741083761668,
            186.11396989280638,
            28.655460710830134,
            75.25861087525355,
            153.59979746651555,
            24.092905172200584,
            56.35568781553229,
            208.91836015689844,
            98.4253956483966,
            107.77508105359462,
            242.58006721722427,
            88.47016577305052
        ],